ID,Faction Name,Parent ID,Strength_low,Strength_high,ColorID,Source,Merger or Predecessor,Note
1,1st Coastal Division,725,,,,,,
2,1st Regiment,725,,,,,,
3,2nd Infantry Division,725,,,,,,
4,9th Brigade,725,,,,,,
5,Abina al-Sham,725,,,,,,
6,Ahrah al-Sharqia,725,,,,,,
7,Ajnad al-Hasakh,725,,,,,,
8,Army of Victory,725,,,,,,
9,The Army of Victory Vanguards,725,,,,,,
10,Artilery Corps,725,,,,,,
11,Authenticity and Development Front,725,,,,,,
12,3saeb_demashq,725,,,,,,
13,Liwa al-Adiyat,1,,,,,Yes,
14,Liwa al-Nasr,1,,,,,Yes,
15,1st Infantry Division,8,,,,,Yes,
16,6th Brigade,8,,,,,Yes,
17,111st Infantry Division,8,,,,,Yes,
18,111st Regiment,8,,,,,Yes,
19,Fifth Infantry Division,8,,,,,Yes,
20,Hawks of al-Ghab,8,,,,,Yes,
21,Jabhat al-Inquadh al-Muqatilah,8,,,,,Yes,
22,Kataib al-Mashoor,8,,,,,Yes,
23,Liwa Ahrar Darraya,8,,,,,Yes,
24,Liwa Balad al-Sham,8,,,,,Yes,
25,Brigades of Glory,725,,,,,,
26,Brigades of Immigrants and Supporters,725,,,,,,
27,Central Division,725,,,,,,
28,Champions Brigade,725,,,,,,
29,Easten Shield Army,725,,,,,,
30,Al-Ezzah Army,725,,,,,,
31,Fastaqem Union,725,,,,,,
32,Firqat al-Amiyn al-Uwlaa Halab,725,,,,,,
33,Fifth Regiment,725,,,,,,
34,The First Squad of Aleppo,725,,,,,,
35,Force 21 Union,725,,,,,,
36,Free Idlib Army,725,,,,,,
37,Brigade of Abu Musa al-Ash'ari,25,,,,,,
38,Liwa Umm al-Qura,25,,,,,,
39,Harakat al-Fadiyeen al-Thuwriyah,27,,,,,Yes,
40,Sayf Allah Brigade,27,,,,,Yes,
41,Free Halfaya Brigade,725,,,,,,
42,Guards of Sham Movement,725,,,,,,
43,Furqan Brigade,725,,,,,,
44,Haraket Tahrir al-Wata,725,,,,,,
45,Homs Corps,725,,,,,,
46,Harakat Bayan,725,,,,,,
47,Hourya Brigade,725,,,,,,
48,Jaish al-Ahfad,725,,,,,,
49,Jaysh Shamal,725,,,,,,
50,Jund al-Badr 313,725,,,,,,
51,Levant Front,725,,,,,,
52,Liwa Ahrah Souriya,725,,,,,,
53,Liwaa al-Adeat,725,,,,,,
54,Al Hamza Battalions,44,,,,,,
55,Liwa Ahfad Othman,44,,,,,,
56,Liwa al-Sumud,44,,,,,,
57,Rijal Allah Brigade,44,,,,,,
58,Martyr Mohammed Saheb Battalion,44,,,,,,
59,Martyr Nidal Hilal Battalion,44,,,,,,
60,Aleppo Hawks Brigade,51,,,,,,
61,Al Fatah Brigade,51,,,,,,
62,Leon Sedob Brigade,51,,,,,,
63,Northern Storm Brigade,51,,,,,,
64,Hagar al-Khatib,57,,,,,,
65,Liwa' Shuhada al-Islam,725,,,,,,
66,Liwa Shuhuda al-Qaryatayn,725,,,,,,
67,Liwa Suquor al-Shamal,725,,,,,,
68,Liwa Taliyat al-Muqatila,725,,,,,,
69,Military Council in Quneitra and the Golan,725,,,,,,
70,Al-Musafa Regiment,725,,,,,,
71,Al Nokhba Army,725,,,,,,
72,Al-Nukhbah Forces,725,,,,,,
73,Al Rahman Corps,725,,,,,,
74,Dawn of Islam,65,,,,,Yes,
75,Jaysh al-Sabtain,69,,,,,,
76,Army of Liberation,71,,,,,Yes,
77,Ajnad al-Sham Islamic Union - Eastern Ghouta Sector,73,,,,,,
78,Liwa al-Bara,73,,,,,,
79,Division 46,76,,,,,Yes,
80,Jabhat al-Sham,76,,,,,Yes,
81,Rapid Intervention Division 23,725,,,,,,
82,16th Infantry Division,81,,,,,,
83,Regiment 93,725,,,,,,
84,Saraya Jaljalat,725,,,,,,
85,Saraya Ahl al-Sham,725,,,,,,
86,Second Brigade,725,,,,,,
87,Sham Liberation Army,725,,,,,,
88,Shohadaa Al-Aslma Brigade,725,,,,,,
89,Tajamuu bna al-Sharqiya,725,,,,,,
90,Tajamuu al-Qaqaa,725,,,,,,
91,Tenth Brigade,725,,,,,,
92,Thuwar al-Jazlra al-Suriya,725,,,,,,
93,Victory Brigades,725,,,,,,
94,Vetted Syrian Opposition in Northern Aleppo and Souther Western Syrian Desert,725,,,,,,
95,Al Hamza Division,94,,,,,,
96,Al Moutasem Brigade,94,,,,,,
97,Northern Thunder Brigade,94,,,,,,
98,The Revolution's Commandos Army,94,,,,,,
99,Brigade 51,95,,,,,,
100,Brigade Smarkand,95,,,,,,
101,Dhl Qar Brigade,95,,,,,,
102,New Syrian Army,98,,,,,Yes,
103,Division 99,94,,,,,,
104,Dormant Yet Politically Active,725,,,,,,
105,Hazzm Movement,104,,,,,,
106,Jabhat Haq al-Muqatila,104,,,,,,
107,Syrian Revolutionaries Front - Northern Components,104,,,,,,
108,Ansar Brigades,107,,,,,,
109,Syrian Martyr's Brigades and Battalions,107,,,,,,
110,Alawite Group,725,,,,,,
111,Free Alawite Movement,110,,,,,,
112,Kurdish groups,725,,,,,,
113,Liwa Ahfad Sallahudeen,112,,,,,,
114,Kurdish Revolutionaries Battalions,112,,,,,,
115,Kurdish Salvaltion Movement,112,,,,,,
116,Turkmen groups,725,,,,,,
117,2nd Coastal Division,116,,,,,,
118,Quwat Alap Arslan,116,,,,,,
119,First Brigade Commandos,116,,,,,,
120,Liwa al-Sultan Abd al-Hamid,116,,,,,,
121,Liwa Sultan Suleyman Sah,116,,,,,,
122,Muntasar Billah Tugay,116,,,,,,
123,Sultan Murrad Division,116,,,,,,
124,Sultan Mohammed Faith Brigade,116,,,,,,
125,Syrian Turkmen Front,116,,,,,,
126,City Military Councils,725,,,,,,
127,Al Bab Military Council,126,,,,,,
128,Military Council of the City of Akhtarin and Its Countryside,126,,,,,,
129,Military Council in the City of Marea,126,,,,,,
130,Qabasin Military Council,126,,,,,,
131,Tal Rifaat Unified Military Council,126,,,,,,
133,1st Artillery Regiment,726,,,,,,
134,Ahfad Ibn al-Walld Brigade,726,,,,,,
135,Alsha Brigade.Mother of the Believers,726,,,,,,
136,Alwiya Tawhld al-Umma,726,,,,,,
137,Ansar al-Sunna Brigade,726,,,,,,
138,Brigade of Martyr Imad Nasrallah,726,,,,,,
139,Commando Brigade of the North,726,,,,,,
140,Dawn of Islam Division,726,,,,,,
141,Engineering and Rocket Regiment,726,,,,,,
142,First Brigade,726,,,,,,
143,Furqan Brigades,726,,,,,,
144,Furqat al-Ashaer,726,,,,,,
145,Furqat al-Magaweer al-Awalee,726,,,,,,
146,Furqat al-Qadsidiyah,726,,,,,,
147,Furqat Shaheed Raed al-Masree,726,,,,,,
148,Furqat Tahrir al-Sham,726,,,,,,
149,Furqat Usud al-Sunna,726,,,,,,
150,Ghuraba Hawran Gathering,726,,,,,,
151,Helpers of Sunnah Brigade,726,,,,,,
152,Homs al-Walid,726,,,,,,
153,Jabhat Ansar al-Islam,726,,,,,,
154,Jama'at Ansar al-Huda,726,,,,,,
155,Katibat Fadayeen Horan,726,,,,,,
156,Khaled Saifullah Brigade,726,,,,,,
157,Liwa Ahfad al-Rasul,726,,,,,,
158,Liwa Fajr Souriya,726,,,,,,
159,Liwa al-Faruik Mujaheddin,726,,,,,,
160,Liwa Fursan Horan,726,,,,,,
161,Liwa al-Habib Mohammed,726,,,,,,
162,Liwa Jaidur Horan,726,,,,,,
163,Omar al-Khataab,726,,,,,,
164,Liwa Khayalat al-Zaidi,726,,,,,,
165,Liwa Mujahideen al-Sanamayn,726,,,,,,
166,Liwa al-Mutassim Billah,726,,,,,,
167,Liwa al-Sabreen,726,,,,,,
168,Mujahideen Horan,726,,,,,,
169,Southern Hawks Brigade,726,,,,,,
170,Tajmae al-Iman,726,,,,,,
171,Tent of the Muslims Brigade,726,,,,,,
172,United Free Syrian Army Southern Area,726,,,,,,
173,City Military Council,726,,,,,,
174,Supreme Military Council in the City of Nawa,173,,,,,,
175,1st Corps,726,,,,,,
176,8th Infantry Brigade,175,,,,,,
177,19th Infantry Brigade,175,,,,,,
178,21st Infantry Division,175,,,,,,
179,55th Infantry Brigade,175,,,,,,
180,Furqat al-Nasr,175,,,,,,
181,Al-Karamah Brigade,175,,,,,,
182,Liwa Jasahr al-Horan,175,,,,,,
183,Liwa Fursan al-Hurriya,175,,,,,,
184,Liwa Oasifat Januub al-Hurr,175,,,,,,
185,Liwa Sajeel,175,,,,,,
186,Liwa Shuhada al-Harra,175,,,,,,
187,Liwa Saraya al-Karama,175,,,,,,
188,Southern Tawhid Brigade,175,,,,,,
189,Ahmad al-Abdo Martyrs Brigades,726,,,,,,
190,Liwa Shuhada al-Qalamoun,189,,,,,,
191,Army of Eastern Lions,726,,,,,,
192,Jaysh Usud al-Sharqiya,191,,,,,,
193,Bayariq al-Shaitat,191,,,,,,
194,Katibat Ahfad Alsha,191,,,,,,
195,Katibat Abu Obeida ibn al-Jarah,191,,,,,,
196,Katibat al-Hamza,191,,,,,,
197,Liwa Bashayir al-Nasr,191,,,,,,
198,Liwa al-Ahwaz,191,,,,,,
199,Liwa Dir' al-Umma,191,,,,,,
200,Liwa al-Fateh,191,,,,,,
201,Liwa ibn al-Qaim,191,,,,,,
202,Liwa al-Qadisiyah,191,,,,,,
203,Liwa al-Mujahld Omar al-Mukhtar,191,,,,,,
204,Tajammu Abdullah Ibn al-Zubalr,191,,,,,,
205,Merged,191,,,,,,
206,Liwa Usud Umayyad,205,,,,,,
207,Liwa Usud al-Sunnah,205,,,,,,
208,Liwa Usud al-'Asima,191,,,,,,
209,Coalition Forces of the South,726,,,,,,
210,18th March Division,209,,,,,,
211,Furqat Ahrar Nawa,209,,,,,,
212,Furqat al-Hasm,209,,,,,,
213,Liwa al-Karameh,209,,,,,,
214,Omari Brigades,209,,,,,,
215,Salah al-Din Division,209,,,,,,
216,Liwa Shabab al-Huda,214,,,,,,
217,46th Infantry Division,726,,,,,,
218,24th Infantry Division,217,,,,,,
219,69th Special Forces Division,217,,,,,,
220,Al-Liwa Awal Maham Khasah,217,,,,,,
221,Gathering of Righteousness,726,,,,,,
222,Special Tasks Brigade,221,,,,,,
223,99th Infantry Division,221,,,,,,
224,Liwa al-Haramain al-Sharyfain,221,,,,,,
225,Liwa Shuhada al-Harah,221,,,,,,
226,Southern Storm Brigade,221,,,,,,
227,Ahl al-Bayt Brigade,219,,,,,,
228,Lions of Islam Brigade,219,,,,,,
229,Liwa Ahrah Inkhil,219,,,,,,
230,First Gathering,726,,,,,,
231,3rd Brigade,230,,,,,,
232,86th Infantry Brigade,230,,,,,,
233,Ansar al-Haqq Battalion,230,,,,,,
234,Barq Islam Brigade,230,,,,,,
235,Bayareq Islam Battalion,230,,,,,,
236,Noman Bin Monther Battalion,230,,,,,,
237,Osod Yarmouk Battalion,230,,,,,,
238,Shabab Horiyah Brigade,230,,,,,,
239,Shahid Tareq Sbihi Battalion,230,,,,,,
240,Soyof Tahrir Battalion,230,,,,,,
241,Kataeb al-Jihad,726,,,,,,
242,Osoud al-Sham,241,,,,,,
243,Jaysh al-Thawrah,726,,,,,,
244,Al Hasan Ben Ali Brigade,243,,,,,,
245,Jayah al-Moataz Billah,243,,,,,,
246,Liwa al-Muhajireen wal Ansar,243,,,,,,
247,Qassiyoun Brigades,243,,,,,,
248,Yarmouk Army,243,,,,,,
249,Saraya Omawiyeen Battalion,245,,,,,,
250,Al Shahid Abu Saied Battalion,245,,,,,,
251,Jabhat al-Sham MuwaHadha,248,,,,,Yes,
252,Dasmascus Martyrs' Brigades,251,,,,,Yes,
253,Muhaja Support Operations Room,726,,,,,,
254,Jaysh al-Ababil,253,,,,,,
255,Alwiya Jaidur Horan,253,,,,,,
256,Alwlyat Salf al-Sham,253,,,,,,
257,Hamza Division,253,,,,,,
258,Abdal Asham,256,,,,,,
259,Al-Lajjat Operations Room,726,,,,,,
260,Jaysh Ahrah al-Asha'er,259,,,,,,Also called Army of Free Tribes
261,Liwa Ashaar Lajat,259,,,,,,
262,Syrian Revolutionaries Front - Southern Sector,726,,,,,,
263,Martyr Captain Abu Hamza al-Naimi Union,262,,,,,,
264,Martyr Jameed Abu Al-Zaln Brigade,262,,,,,,
265,Tahalif Suqour al-Janoub,726,,,,,,
266,Furqat Fallujah Horan,265,,,,,,
267,Sunna Lion,265,,,,,,
268,Youth of Sunnah Division,726,,,,,,
269,Unity Battalions of Horan Brigade,268,,,,,,
270,Ahrar al-Houla,727,,,,,,
271,Ahrar al-Sham Hama,727,,,,,,
272,Ahrar al-Sham Norhtern Aleppo,727,,,,,,
273,Bab al-Hawa Crossing - Military Brigade,727,,,,,,
274,Iman Army,727,,,,,,
275,Kurdish Wing,727,,,,,,
276,Liwa al-Fath,727,,,,,,
277,Iman Brigade,274,,,,,Yes,
278,Jaysh al-Sunnah - Hama Sector,274,,,,,Yes,
279,Liwa Jund al-Sunna,727,,,,,,
280,Liwa al-Khattab,727,,,,,,
281,Liwa Omar al-Faroq,727,,,,,,
282,Sham Army,727,,,,,,
283,Tamkeen Brigade,727,,,,,,
284,Recent Mergers,727,,,,,,
285,Fastaqem Union - Idlib Sector,284,,,,,,
286,Conquerors army,284,,,,,,
287,Ibn Taymiyyah Mujahideen Brigades,284,,,,,,
288,Jaysh al-Islam - Northern Sector,284,,,,,,
289,Jaish al-Farouq - Idlib Sector,284,,,,,,
290,Kataib Thuwar al-Sham,284,,,,,,
291,Levant Front - Idlib Sector,284,,,,,,
292,Liwa al-Omar,284,,,,,,
293,Al-Meqdad Brigade,284,,,,,,
294,Mujahdeen Army,284,,,,,,
295,Shuhada Atarib Brigade,294,,,,,,
296,Sham Falcons,284,,,,,,
297,Soldiers of Dama,284,,,,,,
298,Omar lbn al-Khattab Brigade,296,,,,,,
299,Other subunits,727,,,,,,
300,Fejr Ahrah Idlib,299,,,,,,
301,Fevc el Mughira,299,,,,,,
302,Kat'a Daraa wal Quneltra,299,,,,,,
303,Kat'a Ghuta al-Gharbiyya,299,,,,,,
304,Kat'a Ghuta al-Sharqiyya,299,,,,,,
305,Kat'a Rif Halap Gharbi,299,,,,,,
306,Kat'a Rif Halap Junubi,299,,,,,,
307,Kat'a Rif Hala Shimali,299,,,,,,
308,Kata'a Homs,299,,,,,,
309,Kata'a Rif Homs Shimall,299,,,,,,
310,Kata'a Junub Dimasqh,299,,,,,,
311,Kata'a Qalamoun al-Sharqi,299,,,,,,
312,Kata'a Sharquiyya,299,,,,,,
313,Liwa Abbas,299,,,,,,
314,Liwa Adlyat,299,,,,,,
315,Liwa Ahfad Shahaba,299,,,,,,
316,Liwa Ahrar Jabal al-Wustani,299,,,,,,
317,Liwa Ajnad as Sham,299,,,,,,
318,Liwa Ansar al-Haq,299,,,,,,
319,Liwa Bedr,299,,,,,,
320,Liwa Fejr al-Islam,299,,,,,,
321,Liwa al-Furqan,299,,,,,,
322,Liwa al-Hajara,299,,,,,,
323,Liwa al-Hamza,299,,,,,,
324,Liwa Hudud,299,,,,,,
325,Liwa al-Khattab,299,,,,,,
326,Liwa al-Muattassim,299,,,,,,
327,Liwa Muhajireen wal Ansar,299,,,,,,
328,Liwa al-Sahel,299,,,,,,
329,Recently merged minor groups,727,,,,,,
330,Katibat al-Bitar,329,,,,,,
331,Katibat Suyuf al-Haq,329,,,,,,
332,Katibat Suyuf al-Islam,329,,,,,,
333,Katibat Usud al-Harb,329,,,,,,
334,Zeltan Brigades,329,,,,,,
335,Old Groups Formery Integrated,727,,,,,,
336,Binaa Umma Movement,335,,,,,,
337,Jund al-Sham - Liwa al-Hussain,335,,,,,,
338,Liwa al-Haqq,335,,,,,,
339,Liwa Wa 'Atasimu,335,,,,,,
340,Tawhid al-Asimah Brigades & Battalions,335,,,,,,
341,Abu Amarah Battalions,728,,,,,,
342,Ahrar Clans,728,,,,,,
343,Ajnad Homs,728,,,,,,
344,Ajnad al-Sham,728,,,,,,
345,Al 3ztllah,728,,,,,,
346,The Banner of the Islamic Resistance,728,,,,,,
347,Battalion 13,728,,,,,,
348,Brigade Abu All Shouth,728,,,,,,
349,The Dawn of the Caliphate Brigade,728,,,,,,
350,Deterring the Oppressors Brigade,728,,,,,,
351,Fajr Al Umma,728,,,,,,
352,Jaish al-Tawheed,728,,,,,,
353,Jund al-Islam,728,,,,,,
354,Liwa Ahl al-Sham,728,,,,,,
355,Liwa al-Bara bin Malik al-Ansari,728,,,,,,
356,Liwa Sham al-Rasul,728,,,,,,
357,Al-Qadisiyah Battalions,728,,,,,,
358,Lancer Corps,728,,,,,,
359,Liwa Omar,728,,,,,,
360,Mujahideen of Saraya al-Tawheed,728,,,,,,
361,Saraya al-Murabiteen,728,,,,,,
362,Sham Thunder,728,,,,,,
363,The Soldiers of Epics,728,,,,,,
364,Sunna Army,728,500,500,,Largely defunct,,
365,Tajammu Ahl al-Sham,728,,,,,,
366,Tribal Youth Movement,728,,,,,,
367,Jaysh al-Islam,728,10000,17000,,,,
368,Desert Falcons Forces,367,,,,,,
369,Furqat Aisfat al-Hazzm,728,,,,,,
370,Al-Kadisya Division,369,,,,,,
371,Sham Legion,728,4000,4000,,,,
372,10th Coastal Brigade,371,,,,,,
373,Ajnad al-Sham Islamic Union - Darayya Sector,371,,,,,,
374,Fursan Al-Thawra Brigade,371,,,,,,
375,Kataeb al-Islam,371,,,,,,
376,Liwa Watasymo,371,,,,,,
377,Rijal al-Athar,728,,,,,,
378,Liwa Jafar al-Siddiq,377,,,,,,
379,Ansar al-Shaam,729,,,,,,
380,Ashedda,729,,,,,,
381,Jabhat Sadiqeen,729,,,,,,
382,Jabhat Shuhada ash-Sham,729,,,,,,
383,Jaish al-Farouq,729,,,,,,
384,Jamaat Bait al-Maqdis al-Islamiya,729,,,,,,
385,Katalb Rasheed,729,,,,,,
386,Katalb Shahaba,729,,,,,,
387,Katalb Taliban,729,,,,,,
388,Katibat Fursan al-Khilafa,729,,,,,,
389,Katibat al-Sayf al-Omari,729,,,,,,
390,Katibat al-Tawhid wal-Jihad,729,,,,,,
391,Liwa al-Haqq,729,,,,,,
392,Liwa Qadsiyyah,729,,,,,,
393,Jabhat Ansar al-Din,729,,,,,,
394,Harakat Sham al-Islam,393,,,,,,
395,Harakat Fajr al-Sham al-Islamiya,393,,,,,,
396,Jabhat Fateh al-Sham,729,,,,,,
397,House of the Kyrgyz,396,,,,,,
398,Jaish al-Muhajireen wal-Ansar,396,,,,,,
399,Jamaat al-Murabitin,396,,,,,,
400,Jaysh Muhammad,396,,,,,,
401,Katibat Al Ghuraba,396,,,,,,
402,Green Battalion,398,,,,,,
403,Nour Al Dein Al Zenkey,729,,,,,,
404,City of Aleppo Brigade,403,,,,,,
405,Harakat al-Zahir Baybars,403,,,,,,
406,Al-Osra Battalion,403,,,,,,
407,Swords of Shahba Battalion,403,,,,,,
408,Al-Tawhid Brigade,403,,,,,,
409,Ahrah al-Sham detectors,729,,,,,,
410,Fursan al-Sham,409,,,,,,
411,Abdullah Ibn Abbas Battalion,409,,,,,,
412,Huthayfah Battalion,409,,,,,,
413,Assad Tawheed,409,,,,,,
414,Katibat Abdullah Ibn Abbas,409,,,,,,
415,Katibat Ahfad Beni Umaya,409,,,,,,
416,Katibat Bayt al-Maqdis,409,,,,,,
417,Katibat al-Faruq,409,,,,,,
418,Katibat Hudhayfah bin al-Yaman,409,,,,,,
419,Katibat Shahid Biiznillah Firas Abu Ayman,409,,,,,,
420,Katibat Shahid Biiznillah Muhammed Yasin Nija,409,,,,,,
421,Katibat as Shaheed Ibrahim Kabbani,409,,,,,,
422,Katibat Shilka,409,,,,,,
423,Katibat Shuheda Ibrahim Kabbani,409,,,,,,
424,Katibat Shilka,409,,,,,,
425,Katibat Shueda al-Wustani,409,,,,,,
426,Katibat Suqour al-Izz,409,,,,,,
427,SKatibat al-Tawhid,409,,,,,,
428,Katibat Usud al-Jabal,409,,,,,,
429,Riyad al-Jannah,409,,,,,,
430,Sarayya al-Aqsa,409,,,,,,
431,Tamkeen Brigade Units,729,,,,,,
432,Katibat Badr,431,,,,,,
433,Katibat al-Ikhlas,431,,,,,,
434,Katibat Shield Abu Ridwan,431,,,,,,
435,Katibat Tawhid,431,,,,,,
436,Katibat Usud us Shaqlyya,431,,,,,,
437,Katibat Zeyd bin Haris,431,,,,,,
438,Tajammu Qadsiyya,431,,,,,,
439,Sham Legions Detectors,729,,,,,,
440,Liwa aAhla al-Sham,729,,,,,,
441,Liwa saraya al-Nasr,729,,,,,,
442,Ajnad Kavkaz,730,,,,,,
443,Ansar al-Islam,730,,,,,,
444,Ansorul Jihod,730,,,,,,
445,Imam Bukhari Battalion,730,,,,,,
446,Islam Dagi Taburu,730,,,,,,
447,Jaysh al-Osra,730,,,,,,
448,Junud al-Makhdi,730,,,,,,
449,Nogai Jammat Sham,730,,,,,,
450,Turkistan Islamic Party,730,,,,,,
451,Junud al-Sham,442,,,,,Yes,
452,Jaysh al-Fateh,731,,,,,,
453,Ajnad al-Sham,452,,,,,,
454,Ahrar al-Sham,452,,,,,,
455,Jabhat al-Nusra,452,,,,,,
456,Jund al-Aqsa,452,,,,,,
457,Sunna Army,452,,,,,,
458,Sham Legion,452,,,,,,
459,Homs Operations,731,,,,,,
460,Ahrar al-Sham,459,,,,,,
461,Al-Ezzah Army,459,,,,,,
462,FSA Homs Corps,459,,,,,,
463,FSA Jund al-Badr 313,459,,,,,,
464,FSA Tawhid Army,459,,,,,,
465,Hay'at Tahrir al-Sham,459,,,,,,
466,Fateh Halab,459,,,,,,
467,Al-Binyan al-Marsus,731,,,,,,
468,United Military Council for Deir ez-Zor,731,,,,,,
469,Euphrates Martyrs Brigade,468,,,,,,
470,Baruq Brigades,468,,,,,,
471,Immigrants to God Brigade,468,,,,,,
472,Levant Front,468,,,,,,
473,Liwa Ghuraba al-Furat,468,,,,,,
474,Martyr Ali Rain Brigade,468,,,,,,
475,Sons of Deiz ez-Zor,468,,,,,,
476,Sultan Murad Division,468,,,,,,
477,Tajammu al-Qaqaa,468,,,,,,
478,Liwa Thuwar al-Raqqa,732,,,,,,
479,Al-Sanadid Forces,732,,,,,,
480,Syriac Military Council,732,,,,,,
481,YPG,732,,,,,,
482,YPJ,732,,,,,,
483,Jaysh al-Thuwar,732,,,,,,
484,Jabhat al-Akrad,732,,,,,,
485,Northern Sun Battalion,484,,,,,,
486,Seijuq Brigade,484,,,,,,
487,Sultan Selim Brigade,484,,,,,,
488,Syria Revolutionaries Front 99th Brigade,484,,,,,,
489,Former Jaysh al-Thuwar member groups,732,,,,,,
490,Harakat al-Fedayin,489,,,,,,
491,Liwa Ahfad Othman,489,,,,,,
492,Regiment 777,489,,,,,,
493,Jaysh al-Salam,732,,,,,,
494,Jihad in the Path of God Brigade,493,,,,,,
495,Liwaa Jund al-Haramein,493,,,,,,
496,Liwa al-Tahrir,493,,,,,,
497,Jabhat Thuwar Tal Abyad,493,,,,,,
498,Liwa Ahrar Raqqa,732,,,,,,
499,Euphrates Volcano,732,,,,,,
500,Jarabulus Brigade,499,,,,,,
501,Jaysh al-Qassas,499,,,,,,
502,Security Forces,732,,,,,,
503,Asayis Rojava,502,,,,,,
504,Desteya Parastin,502,,,,,,
505,Sutoro,502,,,,,,
506,HXP,502,,,,,,
507,HCP,502,,,,,,
508,YAT,502,,,,,,
509,H.A.T Asayis Rojava,503,,,,,,
510,City Military Councils,732,,,,,,
511,Manbij Military Council,510,,,,,,
512,Jarablus Military Council,510,,,,,,
513,Al-Bab Military Council,510,,,,,,
514,Delr EzZor Military Council,510,,,,,,
515,The People's Movement of the United Revolution,732,,,,,,
516,International Freedom Battalion,732,,,,,,
517,Antifascist Internationalist Tabu,516,,,,,,
518,Bob Crow Brigade,516,,,,,,
519,Communist Party of Turkey Marxist - Leninist,516,,,,,,
520,Henri Krasucki Brigade,516,,,,,,
521,International Revolutionary People's Guerrilla Forces,516,,,,,,
522,Marksist Leninist Communist Party,516,,,,,,
523,Marxist-Leninist Party (Communist Reconstruction),516,,,,,,
524,Revolutionary Headquarters,516,,,,,,
525,Turkish Communist Labor Party / Leninist,516,,,,,,
526,United Freedom Forces,516,,,,,,
527,Turkish Workers' and Peasants Liberation Army,519,,,,,,
528,Marxist-Leninist Armed Propaganda Unit,526,,,,,,
529,Revolutionary Communard Party,526,,,,,,
530,Social Insurrection,526,,,,,,
531,Women's Freedom Force,526,,,,,,
532,Minor FSA groups.YPG groups and recent formations,732,,,,,,
533,Enya Parastina Jinen Sehba,532,,,,,,
534,Furat Jarablous Brigades,532,,,,,,
535,Kat'ab Thowar Manbij,532,,,,,,
536,Liwa al-Owal Mafaoweer Homs,532,,,,,,
537,Liwa Shuhada Qabaseen,532,,,,,,
538,Liwa al-Sahba,532,,,,,,
539,Liwa Sqoor al-Raqqah,532,,,,,,
540,Liwa al-Shamal al-Democrati,532,,,,,,
541,Liwa Shuada ar-Raqqa,532,,,,,,
542,Liwa Tahrir al-Furat,532,,,,,,
543,Quwat al-Ashair,532,,,,,,
544,al-Amn al-Askari,733,,,,,,
545,Ba'ath Battalions,733,,,,,,
546,Ba'ath Commando Regiment,733,,,,,,
547,Mountain Lions Batatlion,733,,,,,,
548,Brigades of the Martyr Shady Juma,733,,,,,,
549,Country Shield Brigade,733,,,,,,
550,Daher Hawks,733,,,,,,
551,The Desert Commandos Regiment,733,,,,,,
552,Fawj Abu al-Harith 313,733,,,,,,
553,Fawj Nusur Homs,733,,,,,,
554,Fawj Maghawir al-Bahr,733,,,,,,
555,Ba'ath Brigades.5th Brigade,545,,,,,,
556,Ba'ath Brigades Rsas,545,,,,,,
557,Ba'ath Brigades - Confrontation Brigade - Aleepo Branch of the Ba'ath Arab Socialist Party Battalion,545,,,,,,
558,Ba'ath Battalions: Eighth Ba'athist Battalion in Homs,545,,,,,,
559,The Forces of Rage,733,,,,,,
560,Fort of the Levant,733,,,,,,
561,Golan Regiment,733,,,,,,
562,HAMO,733,,,,,,
563,Homeland Fortress,733,,,,,,
564,Homs Commando Regiment,733,,,,,,
565,Homs Eagles,733,,,,,,
566,Homeland Shield Brigade,733,,,,,,
567,Kata'ib al-Jabalawi,733,,,,,,
568,Hurras al-Fajr,733,,,,,,
569,Liwa Salah al-Din al-Ayyubi,566,,,,,,
570,Lions of the Cherubim,568,,,,,,
571,The Leopards of Homs,733,,,,,,
572,Liwa Dir' al-Sahel,733,,,,,,
573,Liwa al-Mukhtar al-Thiqfi,733,,,,,,
574,Liwa Sayf al-Mahdi,733,,,,,,
575,Liwa Suqur al-Quneitra,733,,,,,,
576,Liwa Usud al-Hussein,733,,,,,,
577,Mein of al-Jirah in al-Ba'ath city,733,,,,,,
578,Military Intelligence Batatlion of the Division of Deterrence,733,,,,,,
579,Military Security Squadron,733,,,,,,
580,Special Missions Regiment,571,,,,,,
581,Nafid Assad Allah,733,,,,,,
582,National Defence Forces - Golan Center. Battalion of Martyr,733,,,,,,
583,National Defense Forces - Regiment of the Circassians,733,,,,,,
584,National Shield Forces - Southern Shield Brigade,733,,,,,,
585,NDF Safirah Regiment,733,,,,,,
586,Prophet Younis Mountain Battalion,733,,,,,,
587,Qalamoun Shield,733,,,,,,
588,Quwat al-Amn wa al-Da'am al-Sha'abi,733,,,,,,
589,Quwat al-Difa' al-Mahalli,733,,,,,,
590,Quwat Dir' al-Amn al-Askari,733,,,,,,
591,Rapid Intervention - Special Task Regiment,733,,,,,,
592,Shield of Syrian Jazira,733,,,,,,
593,Suqur al-Sahara,733,,,,,,
594,The Syrian National Resistance. Liwa Khaybar,733,,,,,,
595,Syrian Resistance,733,,,,,,
596,Syrian Resistance - Qassam Syrian Battalions,733,,,,,,
597,Syrian National Youth Party,733,,,,,,
598,Syrian Socialist Nationalist Party,733,,,,,,
599,Tiger Forces,733,,,,,,
600,Tribal Fighters Forces,733,,,,,,
601,al-Hadi Regiment,733,,,,,,
602,Druze,733,,,,,,
603,Dareh al-Watan,602,,,,,,
604,Forces of Abu Ibrahim - Unitarian Forces,602,,,,,,
605,Jaysh al-Muwahhideen,602,,,,,,
606,Kata'ib Humat al-Diyar,602,,,,,,
607,Katibat Jalamid Urman - Dir' al-Jabal,602,,,,,,
608,Lebayk ya Salman,602,,,,,,
609,Liwa al-Jabal,602,,,,,,
610,Palestian Assad regime militias,733,,,,,,
611,Fatah al-Intifada,610,,,,,,
612,Free Palestine Movement,610,,,,,,
613,Galilee Forces,610,,,,,,
614,Liwa al-Quds,610,,,,,,
615,National Action Movememtn Resistance - The Banner of Galilee,610,,,,,,
616,"Palestian Democracy Party Armed Wing ""Saraya""",610,,,,,,
617,Popular Front for the Liberation of Palestine - General Command,610,,,,,,
618,Palestinian Liberation Army,610,,,,,,
619,Palestinian Popular Struggle Front,610,,,,,,
620,Vanguard for the Populat Liberation War,610,,,,,,
621,Assyain - Sootooro,733,,,,,,
622,Domestic Shi'ite jihadis,733,,,,,,
623,Fawj al-Imam al-Hujia,622,,,,,,
624,Al-Ghalibun: Saraya al-Muqawama al-Islamiya fi Souriya,622,,,,,,
625,Junud al-Makhdi,622,,,,,,
626,Katibait 313,622,,,,,,
627,Liwa Imam al-Baqir,622,,,,,,
628,Liwa al-Imam al-Mahdi,622,,,,,,
629,Liwa al-Imam Zain al-Abidain,622,,,,,,
630,Liwa al-Sayyida Ruqayya,622,,,,,,
631,al-Muqawama al-Wataniya al-Aqa'idiya fi Souria,622,,,,,,
632,Quwat al-Ridha,622,,,,,,
633,Radwan Regiment,631,,,,,,
634,Rapid Reaction Forces,631,,,,,,
635,Regiment Commander Martyr Imad Mughniya,631,,,,,,
636,Special Task Regiment,631,,,,,,
637,Syrian Resistance - Hawks of Jazzerah and Euphrates,631,,,,,,
638,Tribal Mobilization Forces,631,,,,,,
639,Iranian Jihadis,734,,,,,,
640,Islamic Revolutionary Guard Corps,734,,,,,,
641,Quds Force,734,,,,,,
642,Islamic Republic of Iran Army Ground Forces,734,,,,,,
643,Niruyeh Moghavemat Basij,640,,,,,,
644,Nakhsa Forces,640,,,,,,
645,Saberin Takavar Battalion,640,,,,,,
646,65th Airborne Special Forces Brigade,642,,,,,,
647,Imam Hussein Battalions,643,,,,,,
648,Iraqi Jihadis,734,,,,,,
649,Asa'ib Ahl al-Haq,648,,,,,,
650,Buraq Forces,648,,,,,,
651,Fayluk Badr,648,,,,,,
652,Fayluk al-Wa'ed al-Sadeq Harakat al-Abdal,648,,,,,,
653,Harakat Ansar Allah al-Awfiya,648,,,,,,
654,Imam Hussein Brigade,648,,,,,,
655,Jaysh al-Mu'ammal,648,,,,,,
656,Quwer al-Shahid Muhammad Baqir al-Sadr: 2013 - 2014 development,651,,,,,,
657,Liwa Kafil Zaynab,649,,,,,,
658,Kata'ib A'imat al-Baqi',648,,,,,,
659,Kata'ib Hezbollah,648,,,,,,
660,Kata'ib al-Imam Ali,648,,,,,,
661,Kata'ib al-Sabirun,648,,,,,,
662,Kata'ib al-Shabab al-Rasali,648,,,,,,
663,Liwa Abu al-Fadi al-Abbas,648,,,,,,
664,Liwa Sayf al-Haq Assad Allah al-Ghalib,648,,,,,,
665,Liwa al-Imam al-Hussein,648,,,,,,
666,Liwa al-Mu'ammal,648,,,,,,
667,Liwa al-Sadiqeen,648,,,,,,
668,Liwa al-Yom al-Ma'ud,648,,,,,,
669,Liwa Zulfiqar,648,,,,,,
670,Manzamat Ansar Allah,648,,,,,,
671,Master of Martyrs Brigades,648,,,,,,
672,Rapid Intervention Regiment,648,,,,,,
673,Saraya Ansar al-Aqidah,648,,,,,,
674,Nujaba Movement,648,,,,,,
675,Liwa Ammar Ibn Yasir,674,,,,,,
676,Liwa'a al-Hamad,674,,,,,,
677,Liwa al-Imam al-Hassan al-Mujtab,674,,,,,,
678,Saraya al-Difa'a al-Shab'abi,648,,,,,,
679,Sara al-Jihad,648,,,,,,
680,Saraya al-Khorasaani,648,,,,,,
681,Saraya al-Talia'a al-Khorasaani,648,,,,,,
682,Shield of the State Brigades,648,,,,,,
683,Tashkilat Asad Baghdad,648,,,,,,
684,Zainab Al Kubra Forces,648,,,,,,
685,Unconfirmed,648,,,,,,
686,Ansar al-Haq,685,,,,,,
687,Baqir Al Sader Forces,685,,,,,,
688,Sarayamal-Zahra,685,,,,,,
689,Saraya al-Salam,685,,,,,,
690,Saraya Ashura,685,,,,,,
691,Afghani Jihadis,734,,,,,,
692,Ansar ul-Hussain,691,,,,,,
693,Liwa al-Fatemiyoun,691,,,,,,
694,Lebanese Jihadis,734,,,,,,
695,Hezbollah,694,,,,,,
696,Pakistani Jihadis,734,,,,,,
697,Liwa Zainebiyoun,696,,,,,,
698,Saudi Arabian Jihadis,734,,,,,,
699,Hezbollah al-Hejaz,698,,,,,,
700,Yemeni Jihadis,734,,,,,,
701,Ansar Allah,700,,,,,,
702,Non-Jihadis foreign milita,734,,,,,,
703,Greek,734,,,,,,
704,Black Lily,703,,,,,,
705,Pan-Arab,734,,,,,,
706,Arab Nationalist Guards,705,,,,,,
707,Lebanon,734,,,,,,
708,Amal Movememnt,707,,,,,,
709,Arab Socialist Ba'ath Party - Lebanon Region,707,,,,,,
710,Arab Tawhid Resistance,707,,,,,,
711,Katibat Dir' al-Watan,707,,,,,,
712,Saraya al-Tawheed,710,,,,,,
713,Kurdish pro-regime milita,734,,,,,,
714,Syrian National Resistance,713,,,,,,
715,Kafr Saghir Martyrs Brigade,714,,,,,,
716,ISIS Military,735,,,,,,
717,ISIS Affiliates,735,,,,,,
718,Khalid Ibn al-Walid Army,717,,,,,,
719,Islamic Muthanna Movement,718,,,,,Yes,
720,Jaysh al-Jihad,718,,,,,Yes,
721,Yarmouk Martyrs Brigade,718,,,,,Yes,
722,Fully merged with ISIS,717,,,,,,
723,Katibat Dawood,722,,,,,,
724,Liwa al-Aqsa,722,,,,,,
725,Free Syrian Army,736,30000,67500,,,,
726,Southern Front,736,25000,25000,, ,,
727,Ahrar al-Sham,736,23000,25000,,,,
728,Independent Islamists,736,24000,31000,,BS number for the sake of Demo,,
729,Hay'at Tahrir al-Sham,,16000,17000,7,,,
730,Transnational Sunni Jihadist co-belligerents,,2000,5000,6,,,
731,Coalitions,,5000,5000,5,BS for demo,,
732,Syrian Democratic Forces,,50000,50000,4,,,
733,Pro-Assad Militia,737,120000,150000,,,,
734,Shi'ite Jihadists and non-Syrian groups,737,30000,30000,,,,
735,Islamic State of Iraq and the Levant,,15000,20000,3,,,
736,Syrian Opposition,,102000,148500,2,,,
737,Assad government forces,,150000,180000,1,,,